{
    "MSE": 3166.122,
    "RMSE": 56.2683,
    "R2": 0.4024,
    "Model": "XGBoost Regressor",
    "feature_importance": {
        "age": 0.07109999656677246,
        "sex": 0.05130000039935112,
        "bmi": 0.1437000036239624,
        "bp": 0.14139999449253082,
        "s1": 0.08340000361204147,
        "s2": 0.06080000102519989,
        "s3": 0.10180000215768814,
        "s4": 0.08009999990463257,
        "s5": 0.16410000622272491,
        "s6": 0.1023000031709671
    }
}